text,pos,lemmas,mean sentence length,std sentence length,lexical density,variance,burstiness,saliency,sentiment,sentiment deviation,ttr,depth,head,sub clauses,coord clauses,branching,balanced,label,timestamp
Lets discuss Evolution of the professional road cycling helmet. What are your thoughts?,"['NNS', 'JJ', 'NNP', 'IN', 'DT', 'JJ', 'NN', 'NN', 'NN', '.', 'WP', 'VBP', 'PRP$', 'NNS', '.']","['Lets', 'discuss', 'Evolution', 'of', 'the', 'professional', 'road', 'cycling', 'helmet', '.', 'What', 'be', 'your', 'thought', '?']",7.5,2.5,0.6,0.002962962962962963,1.224744871391589,0.04444444444444444,0.0,0.0,1.0,6,0.030555555555555558,0.0,0.0,-0.05,1.0,LLM,2026-05-28_183813
"The evolution of the professional road cycling helmet is a transition from perceived nuisance to performance imperative.

Here is the breakdown of that progression:

 1. The ""Hairnet"" Era (Pre-1990s)
For decades, pros refused to wear helmets because they were hot, heavy, and uncomfortable. The ""hairnet"" (leather strips over foam) was the only option, providing negligible protection. It was a status symbol to not wear one.

 2. The Standardization Era (1990s–2003)
Following high-profile crashes (most notably Andrei Kivilev in 2003), the UCI made helmets mandatory. This forced manufacturers to innovate. Helmets became lighter, more ventilated, and focused on basic impact protection.

 3. The Aero Revolution (2010s)
Teams began treating the helmet as a dynamic aerodynamic component.
   The Aero-Road Helmet: Brands like Specialized (Evade) and Giro (Air Attack) introduced closed-shell designs that traded ventilation for significant watt savings. 
   Marginal Gains: Teams realized that because the head is the leading edge of the rider, smoothing airflow over the helmet yields massive time benefits in sprints and breakaways.

 4. The Safety & Integration Era (Present)
Today, we are seeing a convergence of safety, comfort, and speed:
   Rotational Impact Protection: Technologies like MIPS (Multi-directional Impact Protection System) are now standard, addressing brain trauma caused by rotational forces rather than just direct impact.
   Computational Fluid Dynamics (CFD): Modern helmets are designed in wind tunnels with specific consideration for how they interface with eyewear and jersey collars.
   Integrated Tech: We are seeing the early stages of integrated crash detection (via accelerometers) and even integrated lights for visibility.

 The Trade-off
The industry has largely solved the ""aero vs. weight vs. ventilation"" triangle. Modern high-end helmets (like the POC Ventral or Specialized Prevail) offer near-aero performance with cooling capabilities that were impossible ten years ago.

My takeaway: The biggest shift hasn't been technical—it’s cultural. Pros no longer see the helmet as an accessory; they see it as the most critical piece of equipment for both their safety and their race-winning efficiency. The helmet is now arguably the most important piece of aerodynamic kit on a bike.","['DT', 'NN', 'IN', 'DT', 'JJ', 'NN', 'NN', 'NN', 'VBZ', 'DT', 'NN', 'IN', 'VBN', 'NN', 'TO', 'NN', 'NN', '.', 'RB', 'VBZ', 'DT', 'NN', 'IN', 'DT', 'NN', ':', 'CD', '.', 'DT', '``', 'NNP', ""''"", 'NN', '(', 'NNP', ')', 'IN', 'NNS', ',', 'NNS', 'VBD', 'TO', 'VB', 'NNS', 'IN', 'PRP', 'VBD', 'JJ', ',', 'JJ', ',', 'CC', 'JJ', '.', 'DT', '``', 'NN', ""''"", '(', 'PRP$', 'NNS', 'IN', 'NN', ')', 'VBD', 'DT', 'JJ', 'NN', ',', 'VBG', 'JJ', 'NN', '.', 'PRP', 'VBD', 'DT', 'NN', 'NN', 'TO', 'RB', 'VB', 'CD', '.', 'CD', '.', 'DT', 'NNP', 'NNP', '(', 'CD', 'RB', 'CD', ')', 'VBG', 'JJ', 'NNS', '(', 'RBS', 'RB', 'NNP', 'NNP', 'IN', 'CD', ')', ',', 'DT', 'NNP', 'VBD', 'NNS', 'JJ', '.', 'DT', 'JJ', 'NNS', 'TO', 'VB', '.', 'NNS', 'VBD', 'JJR', ',', 'RBR', 'JJ', ',', 'CC', 'VBD', 'IN', 'JJ', 'NN', 'NN', '.', 'CD', '.', 'DT', 'NNP', 'NNP', '(', 'CD', ')', 'NNP', 'VBD', 'VBG', 'DT', 'NN', 'IN', 'DT', 'JJ', 'JJ', 'NN', '.', 'DT', 'JJ', 'NNP', ':', 'NNS', 'IN', 'NNP', '(', 'NNP', ')', 'CC', 'NNP', '(', 'NNP', 'NNP', ')', 'VBD', 'JJ', 'NNS', 'WDT', 'VBD', 'NN', 'IN', 'JJ', 'JJ', 'NNS', '.', 'JJ', 'NNS', ':', 'NNS', 'VBD', 'IN', 'IN', 'DT', 'NN', 'VBZ', 'DT', 'VBG', 'NN', 'IN', 'DT', 'NN', ',', 'VBG', 'NN', 'IN', 'DT', 'JJ', 'NNS', 'JJ', 'NN', 'NNS', 'IN', 'NNS', 'CC', 'NNS', '.', 'CD', '.', 'DT', 'NNP', 'CC', 'NNP', 'NNP', '(', 'NNP', ')', 'NN', ',', 'PRP', 'VBP', 'VBG', 'DT', 'NN', 'IN', 'NN', ',', 'NN', ',', 'CC', 'NN', ':', 'NNP', 'NNP', 'NNP', ':', 'NNS', 'IN', 'NNP', '(', 'NNP', 'NNP', 'NNP', 'NNP', ')', 'VBP', 'RB', 'RB', ',', 'VBG', 'NN', 'NN', 'VBN', 'IN', 'JJ', 'NNS', 'RB', 'IN', 'RB', 'JJ', 'NN', '.', 'NNP', 'NNP', 'NNP', '(', 'NNP', ')', ':', 'JJ', 'NNS', 'VBP', 'VBN', 'IN', 'NN', 'NNS', 'IN', 'JJ', 'NN', 'IN', 'WRB', 'PRP', 'VBP', 'IN', 'JJ', 'CC', 'JJ', 'NNS', '.', 'VBN', 'NN', ':', 'PRP', 'VBP', 'VBG', 'DT', 'JJ', 'NNS', 'IN', 'JJ', 'NN', 'NN', '(', 'IN', 'NNS', ')', 'CC', 'RB', 'JJ', 'NNS', 'IN', 'NN', '.', 'DT', 'NNP', 'DT', 'NN', 'VBZ', 'RB', 'VBN', 'DT', '``', 'NN', 'FW', 'NN', 'FW', 'NN', ""''"", 'NN', '.', 'JJ', 'JJ', 'NNS', '(', 'IN', 'DT', 'NNP', 'NNP', 'CC', 'NNP', 'NNP', ')', 'VBP', 'JJ', 'NN', 'IN', 'VBG', 'NNS', 'WDT', 'VBD', 'JJ', 'CD', 'NNS', 'RB', '.', 'PRP$', 'NN', ':', 'DT', 'JJS', 'NN', 'VBZ', 'RB', 'VBN', 'JJ', 'NN', 'PRP', 'VBZ', 'JJ', 'JJ', '.', 'VB', 'RB', 'RBR', 'VB', 'DT', 'NN', 'IN', 'DT', 'NN', ':', 'PRP', 'VBP', 'PRP', 'IN', 'DT', 'RBS', 'JJ', 'NN', 'IN', 'NN', 'IN', 'DT', 'PRP$', 'NN', 'CC', 'PRP$', 'JJ', 'NN', '.', 'DT', 'NN', 'VBZ', 'RB', 'RB', 'DT', 'RBS', 'JJ', 'NN', 'IN', 'JJ', 'NN', 'IN', 'DT', 'NN', '.']","['The', 'evolution', 'of', 'the', 'professional', 'road', 'cycling', 'helmet', 'be', 'a', 'transition', 'from', 'perceive', 'nuisance', 'to', 'performance', 'imperative', '.', 'Here', 'be', 'the', 'breakdown', 'of', 'that', 'progression', ':', '1', '.', 'The', '``', 'Hairnet', ""''"", 'Era', '(', 'Pre-1990s', ')', 'For', 'decade', ',', 'pro', 'refuse', 'to', 'wear', 'helmet', 'because', 'they', 'be', 'hot', ',', 'heavy', ',', 'and', 'uncomfortable', '.', 'The', '``', 'hairnet', ""''"", '(', 'leather', 'strip', 'over', 'foam', ')', 'be', 'the', 'only', 'option', ',', 'provide', 'negligible', 'protection', '.', 'It', 'be', 'a', 'status', 'symbol', 'to', 'not', 'wear', 'one', '.', '2', '.', 'The', 'Standardization', 'Era', '(', '1990s', '–', '2003', ')', 'Following', 'high-profile', 'crash', '(', 'most', 'notably', 'Andrei', 'Kivilev', 'in', '2003', ')', ',', 'the', 'UCI', 'make', 'helmet', 'mandatory', '.', 'This', 'forced', 'manufacturer', 'to', 'innovate', '.', 'Helmets', 'become', 'light', ',', 'more', 'ventilated', ',', 'and', 'focus', 'on', 'basic', 'impact', 'protection', '.', '3', '.', 'The', 'Aero', 'Revolution', '(', '2010s', ')', 'Teams', 'begin', 'treat', 'the', 'helmet', 'a', 'a', 'dynamic', 'aerodynamic', 'component', '.', 'The', 'Aero-Road', 'Helmet', ':', 'Brands', 'like', 'Specialized', '(', 'Evade', ')', 'and', 'Giro', '(', 'Air', 'Attack', ')', 'introduce', 'closed-shell', 'design', 'that', 'trade', 'ventilation', 'for', 'significant', 'watt', 'saving', '.', 'Marginal', 'Gains', ':', 'Teams', 'realize', 'that', 'because', 'the', 'head', 'be', 'the', 'lead', 'edge', 'of', 'the', 'rider', ',', 'smooth', 'airflow', 'over', 'the', 'helmet', 'yield', 'massive', 'time', 'benefit', 'in', 'sprint', 'and', 'breakaway', '.', '4', '.', 'The', 'Safety', '&', 'Integration', 'Era', '(', 'Present', ')', 'Today', ',', 'we', 'be', 'see', 'a', 'convergence', 'of', 'safety', ',', 'comfort', ',', 'and', 'speed', ':', 'Rotational', 'Impact', 'Protection', ':', 'Technologies', 'like', 'MIPS', '(', 'Multi-directional', 'Impact', 'Protection', 'System', ')', 'be', 'now', 'standard', ',', 'address', 'brain', 'trauma', 'cause', 'by', 'rotational', 'force', 'rather', 'than', 'just', 'direct', 'impact', '.', 'Computational', 'Fluid', 'Dynamics', '(', 'CFD', ')', ':', 'Modern', 'helmet', 'be', 'design', 'in', 'wind', 'tunnel', 'with', 'specific', 'consideration', 'for', 'how', 'they', 'interface', 'with', 'eyewear', 'and', 'jersey', 'collar', '.', 'Integrated', 'Tech', ':', 'We', 'be', 'see', 'the', 'early', 'stage', 'of', 'integrated', 'crash', 'detection', '(', 'via', 'accelerometer', ')', 'and', 'even', 'integrated', 'light', 'for', 'visibility', '.', 'The', 'Trade-off', 'The', 'industry', 'have', 'largely', 'solve', 'the', '``', 'aero', 'vs.', 'weight', 'vs.', 'ventilation', ""''"", 'triangle', '.', 'Modern', 'high-end', 'helmet', '(', 'like', 'the', 'POC', 'Ventral', 'or', 'Specialized', 'Prevail', ')', 'offer', 'near-aero', 'performance', 'with', 'cool', 'capability', 'that', 'be', 'impossible', 'ten', 'year', 'ago', '.', 'My', 'takeaway', ':', 'The', 'big', 'shift', 'have', ""n't"", 'be', 'technical', '—', 'it', '’', 's', 'cultural', '.', 'Pros', 'no', 'longer', 'see', 'the', 'helmet', 'a', 'an', 'accessory', ';', 'they', 'see', 'it', 'a', 'the', 'most', 'critical', 'piece', 'of', 'equipment', 'for', 'both', 'their', 'safety', 'and', 'their', 'race-winning', 'efficiency', '.', 'The', 'helmet', 'be', 'now', 'arguably', 'the', 'most', 'important', 'piece', 'of', 'aerodynamic', 'kit', 'on', 'a', 'bike', '.']",18.954545454545453,11.554130598374657,0.5587529976019184,1.926426487626406e-05,1.3978614453867075,0.003139873083024855,0.9543,0.29832869058132333,0.5947242206235012,11,0.026074339889277896,0.5,0.5,0.06438668433285658,0.5454545454545454,LLM,2026-05-28_183813
"This is a fascinating summary of how a piece of equipment underwent a complete identity shift—from a sign of ""toughness"" to a prerequisite for professional success.

Reading your analysis, I find myself drawn to the psychological and mechanical nuances of this evolution. I have a few inquisitive thoughts that push your premise a bit further:

 1. The ""Aero vs. Cooling"" Paradox
You mention that the industry has ""solved"" the triangle, but I wonder if we’ve reached a point of diminishing returns where the perceptual trade-off is actually the next frontier. 

If a rider feels ""too hot, they start to lose focus or physiological output. Do you think we’ll see a shift toward active thermal management? We’ve seen jerseys with integrated cooling fabrics; why not helmets with micro-channeling or phase-change materials that allow us to keep the closed-aero shell while bypassing the need for large, drag-inducing intake vents?

 2. The Standardization of ""Visual Identity""
You noted the cultural shift—pros now see the helmet as performance kit. But look at the Peloton today: many riders (especially in the classics or time trials) use specific helmets to denote team hierarchy or specialized roles. 

Has the helmet become the new ""kit color"" When we see a rider wearing a specific, bulky-looking aero lid compared to their teammates' ventilated ones, we immediately identify them as the designated sprinter or GC leader. Is the helmet now serving as a visual tactical marker as much as an aerodynamic one?

 3. The ""MIPS"" Bottleneck
You mentioned MIPS as a standard, but it introduces a slight increase in weight and, occasionally, a change in how the helmet sits on the skull. In a world of ""marginal gains, where teams spend thousands to shave grams off a bike frame, are we seeing any friction between the Safety Department and the Performance/Aero Department? Do teams ever push back on added safety layers because they impact the ""watt-savings"" profile of the helmet?

 4. The Data Integration Question
You brought up integrated crash detection. If we move toward a future where helmets are data-dense environments—transmitting real-time impact data to team cars or even heart rate variability (HRV) from sensors on the forehead—are we at risk of ""information overload"" for the rider? Or is this the natural end-state of the helmet: turning the rider’s head into a literal sensor node?

If you had to predict the ""next"" leap, do you think it will be a material breakthrough (a new way to dissipate energy that changes the shape of the helmet entirely), or a software/integration breakthrough (turning the helmet into a connected device)?","['DT', 'VBZ', 'DT', 'JJ', 'NN', 'IN', 'WRB', 'DT', 'NN', 'IN', 'NN', 'NN', 'DT', 'JJ', 'NN', 'NN', 'NN', 'IN', 'DT', 'NN', 'IN', '``', 'NN', ""''"", 'TO', 'DT', 'NN', 'IN', 'JJ', 'NN', '.', 'VBG', 'PRP$', 'NN', ',', 'PRP', 'VBP', 'PRP', 'VBN', 'TO', 'DT', 'JJ', 'CC', 'JJ', 'NNS', 'IN', 'DT', 'NN', '.', 'PRP', 'VBP', 'DT', 'JJ', 'JJ', 'NNS', 'WDT', 'VBP', 'PRP$', 'NN', 'DT', 'NN', 'JJ', ':', 'CD', '.', 'DT', '``', 'NNP', 'FW', 'NNP', ""''"", 'NNP', 'PRP', 'VBP', 'IN', 'DT', 'NN', 'VBZ', '``', 'VBN', ""''"", 'DT', 'NN', ',', 'CC', 'PRP', 'VBP', 'IN', 'PRP', 'VBP', 'RB', 'VBN', 'DT', 'NN', 'IN', 'VBG', 'NNS', 'WRB', 'DT', 'JJ', 'NN', 'VBZ', 'RB', 'DT', 'JJ', 'NN', '.', 'IN', 'DT', 'NN', 'VBZ', '``', 'RB', 'JJ', ',', 'PRP', 'VBP', 'TO', 'VB', 'NN', 'CC', 'JJ', 'NN', '.', 'VBP', 'PRP', 'VB', 'PRP', 'VBP', 'JJ', 'VBP', 'DT', 'NN', 'IN', 'JJ', 'JJ', 'NN', '.', 'PRP', 'VBP', 'JJ', 'VBN', 'NNS', 'IN', 'JJ', 'VBG', 'NNS', ':', 'WRB', 'RB', 'NNS', 'IN', 'JJ', 'CC', 'JJ', 'NNS', 'WDT', 'VBP', 'PRP', 'TO', 'VB', 'DT', 'NN', 'NN', 'IN', 'VBG', 'DT', 'NN', 'IN', 'JJ', ',', 'JJ', 'NN', 'NNS', '.', 'CD', '.', 'DT', 'NN', 'IN', '``', 'JJ', 'NN', ""''"", 'PRP', 'VBD', 'DT', 'JJ', 'NN', 'NNP', 'NNS', 'RB', 'VBP', 'DT', 'NN', 'IN', 'NN', 'NN', '.', 'CC', 'VBP', 'IN', 'DT', 'NNP', 'NN', ':', 'JJ', 'NNS', '(', 'RB', 'IN', 'DT', 'NNS', 'CC', 'NN', 'NNS', ')', 'VBP', 'JJ', 'NNS', 'TO', 'VB', 'NN', 'NN', 'CC', 'JJ', 'NNS', '.', 'VBZ', 'DT', 'NN', 'VB', 'DT', 'JJ', '``', 'FW', 'NN', ""''"", 'WRB', 'PRP', 'VBP', 'DT', 'NN', 'VBG', 'DT', 'NN', ',', 'JJ', 'NN', 'NN', 'VBN', 'TO', 'PRP$', 'NNS', 'POS', 'VBN', 'NNS', ',', 'PRP', 'RB', 'VB', 'PRP', 'IN', 'DT', 'JJ', 'NN', 'CC', 'NNP', 'NN', '.', 'VBZ', 'DT', 'NN', 'RB', 'VBG', 'IN', 'DT', 'JJ', 'JJ', 'NN', 'RB', 'RB', 'IN', 'DT', 'JJ', 'CD', '.', 'CD', '.', 'DT', '``', 'NNP', ""''"", 'NNP', 'PRP', 'VBD', 'NNP', 'IN', 'DT', 'NN', ',', 'CC', 'PRP', 'VBZ', 'DT', 'JJ', 'NN', 'IN', 'NN', 'CC', ',', 'RB', ',', 'DT', 'NN', 'IN', 'WRB', 'DT', 'NN', 'VBZ', 'IN', 'DT', 'NN', '.', 'IN', 'DT', 'NN', 'IN', '``', 'JJ', 'NNS', ',', 'WRB', 'NNS', 'VBP', 'NNS', 'TO', 'VB', 'NNS', 'RP', 'DT', 'NN', 'NN', ',', 'VBP', 'PRP', 'VBG', 'DT', 'NN', 'IN', 'DT', 'NNP', 'NNP', 'CC', 'DT', 'NNP', 'NNP', '.', 'NNP', 'NNS', 'RB', 'VBP', 'RB', 'IN', 'VBN', 'NN', 'NNS', 'IN', 'PRP', 'VBP', 'DT', '``', 'JJ', ""''"", 'NN', 'IN', 'DT', 'NN', '.', 'CD', '.', 'DT', 'NNPS', 'NNP', 'NNP', 'PRP', 'VBD', 'RP', 'JJ', 'NN', 'NN', '.', 'IN', 'PRP', 'VBP', 'IN', 'DT', 'NN', 'WRB', 'NNS', 'VBP', 'JJ', 'NNS', 'JJ', 'VBG', 'JJ', 'NN', 'NNS', 'TO', 'VB', 'NNS', 'CC', 'RB', 'NN', 'NN', 'NN', '(', 'NNP', ')', 'IN', 'NNS', 'IN', 'DT', 'JJ', 'NN', 'VBP', 'PRP', 'IN', 'NN', 'IN', '``', 'NN', 'NN', ""''"", 'IN', 'DT', 'NN', '.', 'CC', 'VBZ', 'DT', 'DT', 'JJ', 'NN', 'IN', 'DT', 'NN', ':', 'VBG', 'DT', 'NN', 'NNP', 'NN', 'NN', 'IN', 'DT', 'JJ', 'NN', 'NN', '.', 'IN', 'PRP', 'VBD', 'TO', 'VB', 'DT', '``', 'JJ', ""''"", 'NN', ',', 'VBP', 'PRP', 'VB', 'PRP', 'MD', 'VB', 'DT', 'JJ', 'NN', '(', 'DT', 'JJ', 'NN', 'TO', 'VB', 'NN', 'WDT', 'VBZ', 'DT', 'NN', 'IN', 'DT', 'NN', 'RB', ')', ',', 'CC', 'DT', 'NN', 'NN', '(', 'VBG', 'DT', 'NN', 'IN', 'DT', 'JJ', 'NN', ')', '.']","['This', 'be', 'a', 'fascinating', 'summary', 'of', 'how', 'a', 'piece', 'of', 'equipment', 'underwent', 'a', 'complete', 'identity', 'shift', '—', 'from', 'a', 'sign', 'of', '``', 'toughness', ""''"", 'to', 'a', 'prerequisite', 'for', 'professional', 'success', '.', 'Reading', 'your', 'analysis', ',', 'I', 'find', 'myself', 'draw', 'to', 'the', 'psychological', 'and', 'mechanical', 'nuance', 'of', 'this', 'evolution', '.', 'I', 'have', 'a', 'few', 'inquisitive', 'thought', 'that', 'push', 'your', 'premise', 'a', 'bit', 'further', ':', '1', '.', 'The', '``', 'Aero', 'vs.', 'Cooling', ""''"", 'Paradox', 'You', 'mention', 'that', 'the', 'industry', 'have', '``', 'solve', ""''"", 'the', 'triangle', ',', 'but', 'I', 'wonder', 'if', 'we', '’', 've', 'reach', 'a', 'point', 'of', 'diminish', 'return', 'where', 'the', 'perceptual', 'trade-off', 'be', 'actually', 'the', 'next', 'frontier', '.', 'If', 'a', 'rider', 'feel', '``', 'too', 'hot', ',', 'they', 'start', 'to', 'lose', 'focus', 'or', 'physiological', 'output', '.', 'Do', 'you', 'think', 'we', '’', 'll', 'see', 'a', 'shift', 'toward', 'active', 'thermal', 'management', '?', 'We', '’', 've', 'see', 'jersey', 'with', 'integrated', 'cool', 'fabric', ';', 'why', 'not', 'helmet', 'with', 'micro-channeling', 'or', 'phase-change', 'material', 'that', 'allow', 'u', 'to', 'keep', 'the', 'closed-aero', 'shell', 'while', 'bypass', 'the', 'need', 'for', 'large', ',', 'drag-inducing', 'intake', 'vent', '?', '2', '.', 'The', 'Standardization', 'of', '``', 'Visual', 'Identity', ""''"", 'You', 'note', 'the', 'cultural', 'shift', '—', 'pro', 'now', 'see', 'the', 'helmet', 'a', 'performance', 'kit', '.', 'But', 'look', 'at', 'the', 'Peloton', 'today', ':', 'many', 'rider', '(', 'especially', 'in', 'the', 'classic', 'or', 'time', 'trial', ')', 'use', 'specific', 'helmet', 'to', 'denote', 'team', 'hierarchy', 'or', 'specialized', 'role', '.', 'Has', 'the', 'helmet', 'become', 'the', 'new', '``', 'kit', 'color', ""''"", 'When', 'we', 'see', 'a', 'rider', 'wear', 'a', 'specific', ',', 'bulky-looking', 'aero', 'lid', 'compare', 'to', 'their', 'teammate', ""'"", 'ventilate', 'one', ',', 'we', 'immediately', 'identify', 'them', 'a', 'the', 'designated', 'sprinter', 'or', 'GC', 'leader', '.', 'Is', 'the', 'helmet', 'now', 'serve', 'a', 'a', 'visual', 'tactical', 'marker', 'as', 'much', 'a', 'an', 'aerodynamic', 'one', '?', '3', '.', 'The', '``', 'MIPS', ""''"", 'Bottleneck', 'You', 'mention', 'MIPS', 'a', 'a', 'standard', ',', 'but', 'it', 'introduce', 'a', 'slight', 'increase', 'in', 'weight', 'and', ',', 'occasionally', ',', 'a', 'change', 'in', 'how', 'the', 'helmet', 'sit', 'on', 'the', 'skull', '.', 'In', 'a', 'world', 'of', '``', 'marginal', 'gain', ',', 'where', 'team', 'spend', 'thousand', 'to', 'shave', 'gram', 'off', 'a', 'bike', 'frame', ',', 'be', 'we', 'see', 'any', 'friction', 'between', 'the', 'Safety', 'Department', 'and', 'the', 'Performance/Aero', 'Department', '?', 'Do', 'team', 'ever', 'push', 'back', 'on', 'add', 'safety', 'layer', 'because', 'they', 'impact', 'the', '``', 'watt-savings', ""''"", 'profile', 'of', 'the', 'helmet', '?', '4', '.', 'The', 'Data', 'Integration', 'Question', 'You', 'bring', 'up', 'integrated', 'crash', 'detection', '.', 'If', 'we', 'move', 'toward', 'a', 'future', 'where', 'helmet', 'be', 'data-dense', 'environment', '—', 'transmit', 'real-time', 'impact', 'data', 'to', 'team', 'car', 'or', 'even', 'heart', 'rate', 'variability', '(', 'HRV', ')', 'from', 'sensor', 'on', 'the', 'forehead', '—', 'be', 'we', 'at', 'risk', 'of', '``', 'information', 'overload', ""''"", 'for', 'the', 'rider', '?', 'Or', 'be', 'this', 'the', 'natural', 'end-state', 'of', 'the', 'helmet', ':', 'turn', 'the', 'rider', '’', 's', 'head', 'into', 'a', 'literal', 'sensor', 'node', '?', 'If', 'you', 'have', 'to', 'predict', 'the', '``', 'next', ""''"", 'leap', ',', 'do', 'you', 'think', 'it', 'will', 'be', 'a', 'material', 'breakthrough', '(', 'a', 'new', 'way', 'to', 'dissipate', 'energy', 'that', 'change', 'the', 'shape', 'of', 'the', 'helmet', 'entirely', ')', ',', 'or', 'a', 'software/integration', 'breakthrough', '(', 'turn', 'the', 'helmet', 'into', 'a', 'connected', 'device', ')', '?']",24.333333333333332,14.240563570085657,0.5185909980430529,9.817132528062122e-06,1.02983171689748,0.0030424683128818866,0.9556,0.32563297648449185,0.5616438356164384,12,0.012397610180724342,1.4285714285714286,0.6666666666666666,0.021456842389085084,0.5714285714285714,LLM,2026-05-28_183814
"These are excellent points that probe the friction between human biology, team tactics, and engineering. Here is how I see those four areas evolving:

 1. The Thermal Frontier: Passive vs. Active
You are right that the ""triangle"" is reaching its limit. We’ve hit a wall with traditional passive ventilation. 
   The Next Step: I suspect we will move away from ""vents as air scoops"" (which create high-pressure drag) toward internal fluid dynamics. We might see helmets utilizing phase-change materials (PCM) in the liner—materials that absorb heat during high-intensity efforts and release it during descents. 
   Active Cooling: I doubt we’ll see battery-powered fans (too much weight/vibration), but we will see ""vortex generators""—micro-structures that manipulate air to pull heat away from the scalp without requiring massive, drag-heavy intake ports.

 2. The Helmet as a Tactical Marker
The peloton is highly visual, and you hit the nail on the head: The helmet is the new jersey. 
   In the past, the ""leader"" was marked by a yellow jersey or a bike frame color. Now, the ""Aero Leadout Man"" or the ""GC Captain"" is often the only one in a specialized, non-ventilated TT-style ""lid. 
   It serves a dual purpose: it signals to teammates who they are protecting, and it signals to competitors who is the designated leader. It’s a psychological tool—a rider in a full-aero teardrop helmet in a road race looks like they are ready to launch an attack, which changes how the pack behaves around them.

 3. The ""Safety vs. Aero"" Friction
Yes, there is absolute friction here. The ""MIPS bulge"" (where the liner has to move independently of the shell) was historically a nightmare for aero-testing.
   The Resolution: We are seeing the death of the ""stick-on"" MIPS liner. Manufacturers are now integrating protection directly into the foam structure (e.g. POC’s SPIN or specialized EPS densities). 
   The Performance Gap: Teams are now prioritizing safety because a crash is the ultimate ""zero-watt"" event. If a helmet is 5 grams heavier but prevents a concussion that keeps a star rider out of the Tour for a week, the team views that as a massive performance gain. The safety/aero trade-off has been rebranded from ""compromise"" to ""risk mitigation.

 4. The Helmet as a Sensor Node
This is the most controversial horizon. If we start putting EEG sensors or HRV monitors in helmets, we risk turning the rider into a biological ""drone.
   The Downside: Cognitive load. If a rider is getting pinged about their own core temp or physiological strain, it could hamper the ""feel"" that defines a great racer. 
   The Utility: The real value is in crash diagnostics. If a rider goes down, the team car getting an instant ""G-force impact alert"" with a reading on likely brain trauma is a game-changer for the medical protocols of the sport.

---

 The Prediction: Which ""Leap"" comes first?
I believe the next leap will be Material/Structural.

We are reaching the limit of how much we can manipulate air with plastic shells. The next jump is anisotropic structures—helmets that are 3D-printed (or lattice-structured) to be aerodynamic on the outside but engineered at a molecular level to be softer in specific impact zones while remaining rigid in others.

Software/Integration will follow, but materials will lead. We are moving toward ""smart skins""—helmets that adjust their surface texture or cooling properties based on temperature or speed, effectively becoming a second, high-performance skin rather than a piece of headgear.

The helmet is evolving from a ""protection shell"" into an ""interface layer"" between the rider, the bike, and the environment.","['DT', 'VBP', 'JJ', 'NNS', 'WDT', 'VBP', 'DT', 'NN', 'IN', 'JJ', 'NN', ',', 'NN', 'NNS', ',', 'CC', 'NN', '.', 'RB', 'VBZ', 'WRB', 'PRP', 'VBP', 'DT', 'CD', 'NNS', 'VBG', ':', 'CD', '.', 'DT', 'JJ', 'NNP', ':', 'JJ', 'NN', '.', 'NNP', 'PRP', 'VBP', 'JJ', 'IN', 'DT', '``', 'NN', ""''"", 'VBZ', 'VBG', 'PRP$', 'NN', '.', 'PRP', 'VBP', 'JJ', 'NN', 'DT', 'NN', 'IN', 'JJ', 'JJ', 'NN', '.', 'DT', 'JJ', 'NN', ':', 'PRP', 'VBP', 'PRP', 'MD', 'VB', 'RB', 'IN', '``', 'NNS', 'IN', 'NN', 'NNS', ""''"", '(', 'WDT', 'VBP', 'NN', 'NN', ')', 'IN', 'JJ', 'NN', 'NNS', '.', 'PRP', 'MD', 'VB', 'NNS', 'VBG', 'JJ', 'NNS', '(', 'NNP', ')', 'IN', 'DT', 'NN', 'JJ', 'NNS', 'WDT', 'VBP', 'NN', 'IN', 'NN', 'NNS', 'CC', 'VB', 'PRP', 'IN', 'NNS', '.', 'JJ', 'NN', ':', 'PRP', 'VBP', 'PRP', 'VBP', 'JJ', 'VBP', 'JJ', 'NNS', '(', 'RB', 'JJ', 'NN', ')', ',', 'CC', 'PRP', 'MD', 'VB', '``', 'JJ', 'NNS', ""''"", 'VBP', 'NNS', 'WDT', 'VBP', 'NN', 'TO', 'VB', 'NN', 'RB', 'IN', 'DT', 'NN', 'IN', 'VBG', 'JJ', ',', 'JJ', 'NN', 'NNS', '.', 'CD', '.', 'DT', 'NNP', 'IN', 'DT', 'JJ', 'NNP', 'DT', 'NN', 'VBZ', 'RB', 'JJ', ',', 'CC', 'PRP', 'VBP', 'DT', 'NN', 'IN', 'DT', 'NN', ':', 'DT', 'NN', 'VBZ', 'DT', 'JJ', 'NN', '.', 'IN', 'DT', 'NN', ',', 'DT', '``', 'NN', ""''"", 'VBD', 'VBN', 'IN', 'DT', 'JJ', 'NN', 'CC', 'DT', 'NN', 'NN', 'NN', '.', 'RB', ',', 'DT', '``', 'NNP', 'NNP', 'NNP', ""''"", 'CC', 'DT', '``', 'NNP', 'NNP', ""''"", 'VBZ', 'RB', 'DT', 'JJ', 'NN', 'IN', 'DT', 'JJ', ',', 'JJ', 'JJ', '``', 'JJ', '.', 'PRP', 'VBZ', 'DT', 'JJ', 'NN', ':', 'PRP', 'VBZ', 'TO', 'NNS', 'WP', 'PRP', 'VBP', 'VBG', ',', 'CC', 'PRP', 'VBZ', 'TO', 'NNS', 'WP', 'VBZ', 'DT', 'JJ', 'NN', '.', 'PRP', 'VBZ', 'VBZ', 'DT', 'JJ', 'NN', 'VBD', 'DT', 'NN', 'IN', 'DT', 'JJ', 'NN', 'NN', 'IN', 'DT', 'NN', 'NN', 'VBZ', 'IN', 'PRP', 'VBP', 'JJ', 'TO', 'VB', 'DT', 'NN', ',', 'WDT', 'VBZ', 'WRB', 'DT', 'NN', 'VBZ', 'IN', 'PRP', '.', 'CD', '.', 'DT', '``', 'NNP', 'FW', 'NNP', ""''"", 'NNP', 'NNP', ',', 'EX', 'VBZ', 'JJ', 'NN', 'RB', '.', 'DT', '``', 'NNP', 'NN', ""''"", '(', 'WRB', 'DT', 'NN', 'VBZ', 'TO', 'VB', 'RB', 'IN', 'DT', 'NN', ')', 'VBD', 'RB', 'DT', 'NN', 'IN', 'JJ', '.', 'DT', 'NN', ':', 'PRP', 'VBP', 'VBG', 'DT', 'NN', 'IN', 'DT', '``', 'JJ', ""''"", 'NNP', 'NN', '.', 'NNS', 'VBP', 'RB', 'VBG', 'NN', 'RB', 'IN', 'DT', 'NN', 'NN', '(', 'JJ', '.', 'NNP', 'NNP', 'VBZ', 'NNP', 'CC', 'VBN', 'NNP', 'NNS', ')', '.', 'DT', 'NNP', 'NNP', ':', 'NNS', 'VBP', 'RB', 'VBG', 'NN', 'IN', 'DT', 'NN', 'VBZ', 'DT', 'JJ', '``', 'JJ', ""''"", 'NN', '.', 'IN', 'DT', 'NN', 'VBZ', 'CD', 'NNS', 'RBR', 'CC', 'VBZ', 'DT', 'NN', 'WDT', 'VBZ', 'DT', 'NN', 'NN', 'IN', 'IN', 'DT', 'NNP', 'IN', 'DT', 'NN', ',', 'DT', 'NN', 'VBZ', 'IN', 'IN', 'DT', 'JJ', 'NN', 'NN', '.', 'DT', 'NN', 'NN', 'VBZ', 'VBN', 'VBN', 'IN', '``', 'NN', ""''"", 'TO', '``', 'VB', 'NN', '.', 'CD', '.', 'DT', 'NNP', 'IN', 'DT', 'NNP', 'NNP', 'DT', 'VBZ', 'DT', 'RBS', 'JJ', 'NN', '.', 'IN', 'PRP', 'VBP', 'VBG', 'NNP', 'NNS', 'CC', 'NNP', 'NNS', 'IN', 'NNS', ',', 'PRP', 'VBP', 'VBG', 'DT', 'NN', 'IN', 'DT', 'JJ', '``', 'NN', '.', 'DT', 'NN', ':', 'JJ', 'NN', '.', 'IN', 'DT', 'NN', 'VBZ', 'VBG', 'VBN', 'IN', 'PRP$', 'JJ', 'NN', 'NN', 'CC', 'JJ', 'NN', ',', 'PRP', 'MD', 'VB', 'DT', '``', 'NN', ""''"", 'WDT', 'VBZ', 'DT', 'JJ', 'NN', '.', 'DT', 'NN', ':', 'DT', 'JJ', 'NN', 'VBZ', 'IN', 'NN', 'NNS', '.', 'IN', 'DT', 'NN', 'VBZ', 'RB', ',', 'DT', 'NN', 'NN', 'VBG', 'DT', 'JJ', '``', 'NNP', 'NN', 'NN', ""''"", 'IN', 'DT', 'NN', 'IN', 'JJ', 'NN', 'NN', 'VBZ', 'DT', 'NN', 'IN', 'DT', 'JJ', 'NNS', 'IN', 'DT', 'NN', '.', ':', ':', 'DT', 'NN', ':', 'JJ', '``', 'NNP', ""''"", 'VBZ', 'RB', '.', 'PRP', 'VBP', 'DT', 'JJ', 'NN', 'MD', 'VB', 'NNP', '.', 'PRP', 'VBP', 'VBG', 'DT', 'NN', 'IN', 'WRB', 'JJ', 'PRP', 'MD', 'VB', 'NN', 'IN', 'NN', 'NNS', '.', 'DT', 'JJ', 'NN', 'VBZ', 'JJ', 'NNS', 'VBP', 'NNS', 'WDT', 'VBP', 'JJ', '(', 'CC', 'VBN', ')', 'TO', 'VB', 'JJ', 'IN', 'DT', 'JJ', 'CC', 'VBD', 'IN', 'DT', 'JJ', 'NN', 'TO', 'VB', 'JJR', 'IN', 'JJ', 'NN', 'NNS', 'IN', 'VBG', 'JJ', 'IN', 'NNS', '.', 'NN', 'MD', 'VB', ',', 'CC', 'NNS', 'MD', 'VB', '.', 'PRP', 'VBP', 'VBG', 'IN', '``', 'JJ', 'NNS', ""''"", 'VBP', 'NNS', 'WDT', 'VBP', 'PRP$', 'NN', 'NN', 'CC', 'VBG', 'NNS', 'VBN', 'IN', 'NN', 'CC', 'NN', ',', 'RB', 'VBG', 'DT', 'JJ', ',', 'JJ', 'NN', 'RB', 'IN', 'DT', 'NN', 'IN', 'NN', '.', 'DT', 'NN', 'VBZ', 'VBG', 'IN', 'DT', '``', 'NN', 'NN', ""''"", 'IN', 'DT', '``', 'NN', 'NN', ""''"", 'IN', 'DT', 'NN', ',', 'DT', 'NN', ',', 'CC', 'DT', 'NN', '.']","['These', 'be', 'excellent', 'point', 'that', 'probe', 'the', 'friction', 'between', 'human', 'biology', ',', 'team', 'tactic', ',', 'and', 'engineering', '.', 'Here', 'be', 'how', 'I', 'see', 'those', 'four', 'area', 'evolve', ':', '1', '.', 'The', 'Thermal', 'Frontier', ':', 'Passive', 'v', '.', 'Active', 'You', 'be', 'right', 'that', 'the', '``', 'triangle', ""''"", 'be', 'reach', 'it', 'limit', '.', 'We', '’', 've', 'hit', 'a', 'wall', 'with', 'traditional', 'passive', 'ventilation', '.', 'The', 'Next', 'Step', ':', 'I', 'suspect', 'we', 'will', 'move', 'away', 'from', '``', 'vent', 'a', 'air', 'scoop', ""''"", '(', 'which', 'create', 'high-pressure', 'drag', ')', 'toward', 'internal', 'fluid', 'dynamic', '.', 'We', 'might', 'see', 'helmet', 'utilize', 'phase-change', 'material', '(', 'PCM', ')', 'in', 'the', 'liner', '—', 'material', 'that', 'absorb', 'heat', 'during', 'high-intensity', 'effort', 'and', 'release', 'it', 'during', 'descent', '.', 'Active', 'Cooling', ':', 'I', 'doubt', 'we', '’', 'll', 'see', 'battery-powered', 'fan', '(', 'too', 'much', 'weight/vibration', ')', ',', 'but', 'we', 'will', 'see', '``', 'vortex', 'generator', ""''"", '—', 'micro-structures', 'that', 'manipulate', 'air', 'to', 'pull', 'heat', 'away', 'from', 'the', 'scalp', 'without', 'require', 'massive', ',', 'drag-heavy', 'intake', 'port', '.', '2', '.', 'The', 'Helmet', 'a', 'a', 'Tactical', 'Marker', 'The', 'peloton', 'be', 'highly', 'visual', ',', 'and', 'you', 'hit', 'the', 'nail', 'on', 'the', 'head', ':', 'The', 'helmet', 'be', 'the', 'new', 'jersey', '.', 'In', 'the', 'past', ',', 'the', '``', 'leader', ""''"", 'be', 'mark', 'by', 'a', 'yellow', 'jersey', 'or', 'a', 'bike', 'frame', 'color', '.', 'Now', ',', 'the', '``', 'Aero', 'Leadout', 'Man', ""''"", 'or', 'the', '``', 'GC', 'Captain', ""''"", 'be', 'often', 'the', 'only', 'one', 'in', 'a', 'specialized', ',', 'non-ventilated', 'TT-style', '``', 'lid', '.', 'It', 'serve', 'a', 'dual', 'purpose', ':', 'it', 'signal', 'to', 'teammate', 'who', 'they', 'be', 'protect', ',', 'and', 'it', 'signal', 'to', 'competitor', 'who', 'be', 'the', 'designated', 'leader', '.', 'It', '’', 's', 'a', 'psychological', 'tool', '—', 'a', 'rider', 'in', 'a', 'full-aero', 'teardrop', 'helmet', 'in', 'a', 'road', 'race', 'look', 'like', 'they', 'be', 'ready', 'to', 'launch', 'an', 'attack', ',', 'which', 'change', 'how', 'the', 'pack', 'behave', 'around', 'them', '.', '3', '.', 'The', '``', 'Safety', 'vs.', 'Aero', ""''"", 'Friction', 'Yes', ',', 'there', 'be', 'absolute', 'friction', 'here', '.', 'The', '``', 'MIPS', 'bulge', ""''"", '(', 'where', 'the', 'liner', 'have', 'to', 'move', 'independently', 'of', 'the', 'shell', ')', 'be', 'historically', 'a', 'nightmare', 'for', 'aero-testing', '.', 'The', 'Resolution', ':', 'We', 'be', 'see', 'the', 'death', 'of', 'the', '``', 'stick-on', ""''"", 'MIPS', 'liner', '.', 'Manufacturers', 'be', 'now', 'integrate', 'protection', 'directly', 'into', 'the', 'foam', 'structure', '(', 'e.g', '.', 'POC', '’', 's', 'SPIN', 'or', 'specialize', 'EPS', 'density', ')', '.', 'The', 'Performance', 'Gap', ':', 'Teams', 'be', 'now', 'prioritize', 'safety', 'because', 'a', 'crash', 'be', 'the', 'ultimate', '``', 'zero-watt', ""''"", 'event', '.', 'If', 'a', 'helmet', 'be', '5', 'gram', 'heavier', 'but', 'prevent', 'a', 'concussion', 'that', 'keep', 'a', 'star', 'rider', 'out', 'of', 'the', 'Tour', 'for', 'a', 'week', ',', 'the', 'team', 'view', 'that', 'a', 'a', 'massive', 'performance', 'gain', '.', 'The', 'safety/aero', 'trade-off', 'have', 'be', 'rebranded', 'from', '``', 'compromise', ""''"", 'to', '``', 'risk', 'mitigation', '.', '4', '.', 'The', 'Helmet', 'a', 'a', 'Sensor', 'Node', 'This', 'be', 'the', 'most', 'controversial', 'horizon', '.', 'If', 'we', 'start', 'put', 'EEG', 'sensor', 'or', 'HRV', 'monitor', 'in', 'helmet', ',', 'we', 'risk', 'turn', 'the', 'rider', 'into', 'a', 'biological', '``', 'drone', '.', 'The', 'Downside', ':', 'Cognitive', 'load', '.', 'If', 'a', 'rider', 'be', 'get', 'ping', 'about', 'their', 'own', 'core', 'temp', 'or', 'physiological', 'strain', ',', 'it', 'could', 'hamper', 'the', '``', 'feel', ""''"", 'that', 'define', 'a', 'great', 'racer', '.', 'The', 'Utility', ':', 'The', 'real', 'value', 'be', 'in', 'crash', 'diagnostics', '.', 'If', 'a', 'rider', 'go', 'down', ',', 'the', 'team', 'car', 'get', 'an', 'instant', '``', 'G-force', 'impact', 'alert', ""''"", 'with', 'a', 'reading', 'on', 'likely', 'brain', 'trauma', 'be', 'a', 'game-changer', 'for', 'the', 'medical', 'protocol', 'of', 'the', 'sport', '.', '--', '-', 'The', 'Prediction', ':', 'Which', '``', 'Leap', ""''"", 'come', 'first', '?', 'I', 'believe', 'the', 'next', 'leap', 'will', 'be', 'Material/Structural', '.', 'We', 'be', 'reach', 'the', 'limit', 'of', 'how', 'much', 'we', 'can', 'manipulate', 'air', 'with', 'plastic', 'shell', '.', 'The', 'next', 'jump', 'be', 'anisotropic', 'structure', '—', 'helmet', 'that', 'be', '3D-printed', '(', 'or', 'lattice-structured', ')', 'to', 'be', 'aerodynamic', 'on', 'the', 'outside', 'but', 'engineer', 'at', 'a', 'molecular', 'level', 'to', 'be', 'soft', 'in', 'specific', 'impact', 'zone', 'while', 'remain', 'rigid', 'in', 'others', '.', 'Software/Integration', 'will', 'follow', ',', 'but', 'material', 'will', 'lead', '.', 'We', 'be', 'move', 'toward', '``', 'smart', 'skin', ""''"", '—', 'helmet', 'that', 'adjust', 'their', 'surface', 'texture', 'or', 'cool', 'property', 'base', 'on', 'temperature', 'or', 'speed', ',', 'effectively', 'become', 'a', 'second', ',', 'high-performance', 'skin', 'rather', 'than', 'a', 'piece', 'of', 'headgear', '.', 'The', 'helmet', 'be', 'evolve', 'from', 'a', '``', 'protection', 'shell', ""''"", 'into', 'an', '``', 'interface', 'layer', ""''"", 'between', 'the', 'rider', ',', 'the', 'bike', ',', 'and', 'the', 'environment', '.']",19.486486486486488,11.214425125634662,0.5187239944521498,9.55278936221658e-06,1.4164405251099994,0.0021820603467208877,0.9575,0.2916315768909175,0.5006934812760055,11,0.024507631827653264,0.8108108108108109,0.4864864864864865,-0.020520538014798622,0.5405405405405406,LLM,2026-05-28_183814
